title,text,label
"NASA James Webb Space Telescope discovers oldest known galaxy in universe","Astronomers using the James Webb Space Telescope have identified the most distant and oldest galaxy ever observed, designated JADES-GS-z14-0. The discovery was confirmed through spectroscopic analysis and published in peer-reviewed astronomical journals by international research teams.","REAL"
"SHOCKING: Secret government cure for all cancers discovered in lemon peels!","Doctors and pharmaceutical companies are terrified! An anonymous whistleblower has revealed that boiling lemon peels with baking soda cures all stage 4 cancers in 48 hours. Big Pharma is desperately trying to delete this post from the internet! Share before it gets taken down!","FAKE"
"Federal Reserve holds benchmark interest rate steady amid cooling inflation","The Federal Reserve announced on Wednesday that it will maintain the benchmark interest rate between 5.25% and 5.50%. Federal Reserve Chairman Jerome Powell stated that committee members are monitoring ongoing employment figures and consumer price index trends before considering future policy rate reductions.","REAL"
"BREAKING: Pope Francis endorses Donald Trump for US President in unprecedented move","In a stunning development that has shocked the Vatican, Pope Francis has officially endorsed Donald Trump for President of the United States. In a secret statement released to independent patriotic blogs, the Pontiff claimed divine intervention guided his decision.","FAKE"
"World Health Organization releases updated guidelines on cardiovascular health","The World Health Organization (WHO) has issued new comprehensive recommendations aimed at reducing global mortality from cardiovascular diseases. The guidance emphasizes balanced dietary patterns, reduced sodium intake, regular moderate physical activity, and early hypertension screening in primary healthcare settings.","REAL"
"ALERT: Drinking boiled garlic water cures 100% of viral infections overnight","A top military doctor has leaked the ancient natural formula that completely destroys all coronavirus and influenza viruses within six hours. Boil eight cloves of raw garlic with honey and drink immediately. Hospitals are covering this up to keep ICU beds occupied!","FAKE"
"European Space Agency successfully launches Euclid satellite to map dark universe","The European Space Agency (ESA) Euclid space mission successfully launched aboard a SpaceX Falcon 9 rocket from Cape Canaveral. Euclid aims to construct the largest and most accurate 3D map of the universe, observing billions of galaxies across 10 billion light-years to investigate dark matter and dark energy.","REAL"
"5G cellular towers confirmed to be emitting radiation that controls human thoughts","Declassified top secret documents reveal that 5G cellular communication antennas are equipped with micro-frequency transmitters designed to manipulate brainwaves of citizens in major metropolitan areas. Protect your family by wrapping wireless routers in heavy aluminum foil!","FAKE"
"Global renewable energy capacity expanded by 50% in 2023, reports International Energy Agency","According to the latest annual market report from the International Energy Agency (IEA), global renewable capacity additions reached 510 gigawatts in 2023, representing a 50% increase compared to the previous year. Solar photovoltaic systems accounted for three-quarters of the worldwide expansion.","REAL"
"URGENT: Government installing microchips in standard drinking tap water supplies","A heroic chemical lab technician has posted video evidence showing self-assembling nano-bots flowing through municipal municipal tap water networks. The chips sync with satellite networks to monitor private citizens in their living rooms. Share this immediately before social media bans our account!","FAKE"
"United Nations Climate Summit concludes with historic loss and damage agreement","Delegates representing nearly 200 countries reached a consensus agreement on operationalizing a financial fund dedicated to supporting vulnerable nations impacted by extreme weather events and climatic disasters. The fund will be temporarily hosted by the World Bank.","REAL"
"Celebrity billionaire leaves entire fortune to random followers who retweet this post","Tech entrepreneur Elon Musk announced today that he will give ten million dollars each to the first 50,000 users who repost this link, follow this Telegram channel, and verify their credit card details. This giveaway has been verified by independent blockchain auditors!","FAKE"
"Bank of England cuts key interest rate following steady drop in inflation","The Bank of England reduced borrowing costs by 25 basis points to 5.0% following a vote by the Monetary Policy Committee. Governor Andrew Bailey noted that while inflation has returned close to the 2% target, policymakers remain vigilant against persistent domestic price pressures.","REAL"
"Ancient Himalayan monks reveal breathing technique that allows humans to live without food for 12 years","Himalayan holy men have broken centuries of silence to share the miracle breathwork that eliminates the physical biological need for eating food. Practicing this 10-minute daily exercise draws pure cosmic solar energy directly into the bloodstream, curing obesity and aging forever!","FAKE"
"Researchers develop ultra-efficient perovskite solar cell achieving record efficiency","Materials scientists at Oxford University and partnering laboratories have synthesized a tandem perovskite-silicon solar cell demonstrating over 33% power conversion efficiency in verified test conditions. The findings were documented in the journal Science.","REAL"
"LEAKED: The Earth is actually flat and NASA guards the giant Antarctic ice wall with armed battleships","High-ranking naval navigators have leaked photographic evidence proving that Antarctica is not a continent, but a 300-foot ice barrier retaining the oceans on an endless flat plane. International treaties forbid civilian flights across the southern rim to hide the real perimeter!","FAKE"
"Department of Transportation releases quarterly civil aviation passenger traffic metrics","Domestic airlines carried approximately 220 million passengers during the second quarter of the fiscal year, an increase of 4.8% compared to the identical quarter of the preceding year, according to statistical tables released by the Bureau of Transportation Statistics.","REAL"
"Astrologers predict major planetary alignment will wipe out all credit card debts worldwide this Friday","Cosmic gravitational shifts occurring when Mars aligns directly with Saturn will create an electromagnetic pulse that permanently resets digital banking servers worldwide. Financial institutions will lose all records of consumer debts, student loans, and mortgages by midnight!","FAKE"
"Nobel Prize in Chemistry awarded for computational protein design and structure prediction","The Royal Swedish Academy of Sciences awarded the Nobel Prize in Chemistry to scientists recognized for their pioneering contributions to computational protein design and machine learning-driven protein structure determination, revolutionizing biochemical research and pharmaceutical drug discovery.","REAL"
"VIRAL: NASA admits moon landings were staged on an abandoned movie studio lot in Nevada","Recently uncovered 35mm film negatives stored in a Hollywood basement show director Stanley Kubrick giving directions to actors dressed in spacesuits on simulated lunar landscapes. NASA officials allegedly held an emergency press briefing to confirm the moon landing was a simulation.","FAKE"
"Japan Central Bank raises interest rates for the first time in seventeen years","The Bank of Japan abandoned its negative interest rate policy, lifting short-term lending rates to an interval between 0.0% and 0.1%. The historic shift followed robust wage negotiations by major labor confederations indicating rising domestic price stability.","REAL"
"Miracle fruit found in Amazon rainforest dissolves 45 pounds of belly fat in 7 days without exercise","Harvard researchers are stunned after clinical trials showed that a rare violet Amazonian berry burns body fat 800% faster than any gym workout. No diet changes required! Supplies are strictly limited due to intense pressure from greedy pharmaceutical executives!","FAKE"
"World Bank approves new 500 million dollar financing package for rural infrastructure","The executive directors of the World Bank approved a half-billion-dollar development credit aimed at modernizing rural road connectivity, digital transmission networks, and clean drinking water filtration systems across underserved rural municipal districts.","REAL"
"WARNING: Charging your smartphone next to your bed causes immediate neurological damage and brain rewiring","Cell phone towers emit high-frequency lethal scalar radiation when phones charge overnight, causing permanent memory loss, cognitive decline, and genetic mutations in sleeping individuals. Unplug your phone immediately and place it inside a sealed metal safe!","FAKE"
"Aviation regulators mandate comprehensive inspection protocols for commercial jetliner engines","The Federal Aviation Administration (FAA) published an Airworthiness Directive directing airlines to conduct ultrasonic and visual examinations of high-pressure turbine disks installed in specific turbofan engine families after metallurgical flaws were identified by maintenance technicians.","REAL"
"Secret archaeological expedition discovers 50-foot giant skeletons buried beneath Egyptian pyramids","Excavation teams in Giza have uncovered the remains of ancient Nephilim giants holding bronze laser weapons. Egyptian antiquities officials immediately cordoned off the entire sector and threatened archaeologists with treason if they speak to journalists.","FAKE"
"International energy consortium announces progress on ITER nuclear fusion reactor assembly","Engineers at the Cadarache research facility in southern France have successfully aligned and welded the first pairs of giant toroidal field coils inside the ITER tokamak pit. The global experimental facility aims to prove the scientific feasibility of sustained fusion energy production.","REAL"
"Drink raw apple cider vinegar before bed to remove all kidney stones by morning","Renowned holistic healer claims that taking two tablespoons of unfiltered vinegar melts large calcium kidney stones within eight hours of sleep. Traditional urologists have suppressed this home remedy for decades because they make billions on surgical procedures!","FAKE"
"Pfizer and BioNTech announce clinical trial results for combined influenza and COVID vaccine","The pharmaceutical manufacturers released preliminary Phase 3 topline safety and immunogenicity data assessing a single-injection mRNA vaccine candidate targeting both seasonal influenza viruses and SARS-CoV-2 strains in healthy adult trial cohorts.","REAL"
"World leaders gather in Switzerland to sign secret treaty replacing paper cash with mandatory eyeball scans","Leaked audio recordings from the World Economic Forum reveal an authoritarian conspiracy to confiscate all physical banknotes by December and require citizens to undergo mandatory retina scans to buy groceries and pay utilities. Share this alert widely!","FAKE"
"Ministry of Education announces revised high school computer science and AI literacy curriculum","The national educational board approved a modern curriculum framework introducing foundational computational thinking, discrete mathematics, and responsible artificial intelligence principles into senior secondary school learning objectives nationwide.","REAL"
"Shocking discovery: Eating bananas past 6 PM turns stomach acids into toxic chemical compounds","Nutritional experts warn that the natural potassium in ripe bananas undergoes dangerous chemical mutations after sundown, causing severe liver inflammation and toxic bacterial growth. Never consume yellow fruit after dusk!","FAKE"
"India successfully lands Chandrayaan spacecraft on lunar south polar region","The Indian Space Research Organisation (ISRO) achieved an unprecedented soft touchdown of the Chandrayaan-3 lander module near the south pole of the Moon, making India the fourth nation to accomplish a soft lunar landing and the first near the southern polar latitude.","REAL"
"PROOF: Dinosaurs never existed and museum fossil bones are molded from synthetic plaster and glue","Independent historical truth seekers have proved that paleontologists invented the concept of giant reptiles in 1842 to discredit sacred texts. All museum dinosaur skeletons are manufactured in factories in China and shipped to western natural history museums!","FAKE"
"Semiconductor manufacturer inaugurates advanced fabrication facility for next-generation chips","Taiwan Semiconductor Manufacturing Company (TSMC) along with industrial partners held an opening ceremony for its advanced semiconductor fabrication plant, designed to produce high-performance microprocessors for automotive and industrial automation markets.","REAL"
"Putting an onion slice inside your socks while sleeping cures diabetes and high blood pressure","Reflexology masters confirm that the soles of your feet contain over 7,000 nerve endings connected directly to your pancreas. Placing organic purple onion slices inside your socks overnight draws toxins from your veins and normalizes insulin production permanently!","FAKE"
"Agricultural researchers develop drought-tolerant crop varieties to withstand climate stress","Agronomists from the International Maize and Wheat Improvement Center have bred and distributed new drought-resilient maize cultivars that yield up to 30% more grain under water-scarce conditions across sub-Saharan African farming communities.","REAL"
"Secret technology hidden inside Tesla cars automatically drives you to government quarantine centers","An anonymous automotive software engineer revealed that autonomous vehicle updates contain hidden GPS instructions that seize steering control whenever civil unrest occurs, automatically transporting passengers to undisclosed federal facilities!","FAKE"
"Supreme Court delivers ruling on regulatory authority of administrative federal agencies","The Supreme Court of the United States delivered an opinion in a major administrative law dispute, overturning historical judicial deference doctrines and clarifying the statutory standards under which federal courts must interpret legislative enactments.","REAL"
"Alien spacecraft caught on high-definition camera hovering over White House lawn during midnight thunderstorm","Classified defense surveillance video leaked to Twitter shows a circular metallic craft displaying iridescent lights hovering motionless above the presidential residence before accelerating to Mach 20 and disappearing into the clouds. Mainstream press is silent!","FAKE"
"Clinical trials demonstrate effectiveness of new monoclonal antibody treatment for Alzheimer disease","Medical researchers published clinical findings in the New England Journal of Medicine showing that early intervention with a newly developed monoclonal antibody significantly slows cognitive and functional decline in patients with early symptomatic Alzheimer pathology.","REAL"
"Placing raw potato slices on smartphone screens removes 100% of blue light and toxic frequencies","Holistic bio-hackers have discovered that raw potato starch neutralizes harmful electronic emissions from touchscreens. Rubbing potato slices across your device screen creates a protective biological layer that prevents eye strain and brain tumors!","FAKE"
"International team completes comprehensive genetic map of endangered marine mammal species","Biologists from twenty international research institutions sequenced high-coverage reference genomes of marine mammal species to evaluate genetic diversity, population bottlenecks, and adaptive resilience against rising ocean surface temperatures.","REAL"
"Secret society controls world weather patterns using atmospheric ionospheric heaters in Alaska","Undercover investigators have confirmed that hurricanes and flash floods are artificially manufactured using high-power radio transmitters located at the HAARP research site in Gakona, Alaska, to influence global commodities markets and agriculture pricing!","FAKE"
"Metropolitan transit authority secures federal infrastructure grant for subway line extension","The regional transportation commission has been awarded a 1.2 billion dollar federal funding allocation to construct a six-mile underground rail extension connecting regional suburban corridors to central business transit hubs.","REAL"
"Drinking saltwater every morning burns toxic visceral fat and restores youthful eyesight","An ancient Tibetan monk formula combining Himalayan pink rock salt and boiling water cleanses the liver, sharpens blurry 20/20 vision in seven days, and dissolves arterial blockages without prescription medications. Optometrists don't want you to know this!","FAKE"
"National Science Foundation announces multi-year grant initiative for quantum computing research","The National Science Foundation awarded 90 million dollars across university consortia to construct scalable quantum testbeds, explore quantum error correction algorithms, and train the next generation of quantum software engineers.","REAL"
"Scientists confirm human soul weighs exactly 21 grams and escapes through the ears at death","In a covert hospital laboratory trial, dying volunteers were placed on sensitive micro-balances. At the precise moment of expiration, every individual lost exactly 21 grams, proving the physical reality of an immortal soul. Medical journals refused publication under pressure!","FAKE"
"Central bank issues consultative paper examining central bank digital currency architecture","The monetary authority published an analytical consultation paper inviting stakeholder feedback on the architectural design choices, cybersecurity safeguards, and offline transaction capabilities of a potential retail digital currency.","REAL"
"Magical wooden bracelet cures chronic arthritis and joint pain in ten minutes flat","Manufactured from sacred cedar wood blessed by tribal shamans, this magnetic resonance bracelet transmits healing vibrational energies into painful joints, dissolving inflammation instantly. Thousands of satisfied seniors are throwing away their walking canes!","FAKE"
